"srcip: Descending","dstip: Descending","ips.msg: Descending","@timestamp: Descending",Count
"10.86.58.21","10.86.58.24","ET EXPLOIT [PTsecurity] DoublePulsar Backdoor installation communication","December 18th 2018, 10:13:00.484",6
"10.86.58.21","10.86.58.24","ET EXPLOIT [PTsecurity] DoublePulsar Backdoor installation communication","December 18th 2018, 10:13:00.486",6
"10.86.58.21","10.86.58.24","ET EXPLOIT [PTsecurity] DoublePulsar Backdoor installation communication","December 18th 2018, 10:57:26.902",6
"10.86.58.21","10.86.58.24","ET EXPLOIT [PTsecurity] DoublePulsar Backdoor installation communication","December 18th 2018, 10:13:00.481",5
"10.86.58.21","10.86.58.24","ET EXPLOIT [PTsecurity] DoublePulsar Backdoor installation communication","December 18th 2018, 10:13:00.482",5
"10.86.58.21","10.86.58.62","ET EXPLOIT [PTsecurity] DoublePulsar Backdoor installation communication","December 18th 2018, 10:02:55.913",2
"10.86.58.21","10.86.58.62","ET EXPLOIT [PTsecurity] DoublePulsar Backdoor installation communication","December 18th 2018, 10:25:45.137",2
"10.86.58.21","10.86.58.62","ET EXPLOIT [PTsecurity] DoublePulsar Backdoor installation communication","December 18th 2018, 10:44:08.159",2
"10.86.58.21","10.86.58.62","ET EXPLOIT [PTsecurity] DoublePulsar Backdoor installation communication","December 18th 2018, 11:09:19.556",2
"10.86.58.21","10.86.58.62","ET EXPLOIT [PTsecurity] DoublePulsar Backdoor installation communication","December 18th 2018, 11:41:53.313",2
"10.86.58.21","10.86.58.62","ET SCAN Behavioral Unusual Port 445 traffic Potential Scan or Infection","December 18th 2018, 10:13:48.524",1
"10.86.58.21","10.86.58.62","ET SCAN Behavioral Unusual Port 445 traffic Potential Scan or Infection","December 18th 2018, 10:28:49.318",1
"10.86.58.21","10.86.58.62","ET SCAN Behavioral Unusual Port 445 traffic Potential Scan or Infection","December 18th 2018, 11:13:47.815",1
"10.86.58.21","10.86.58.30","ET EXPLOIT [PTsecurity] DoublePulsar Backdoor installation communication","December 18th 2018, 10:14:30.553",2
"10.86.58.21","10.86.58.30","ET EXPLOIT [PTsecurity] DoublePulsar Backdoor installation communication","December 18th 2018, 10:37:09.795",2
"10.86.58.21","10.86.58.30","ET EXPLOIT [PTsecurity] DoublePulsar Backdoor installation communication","December 18th 2018, 10:58:14.941",2
"10.86.58.21","10.86.58.30","ET EXPLOIT [PTsecurity] DoublePulsar Backdoor installation communication","December 18th 2018, 11:30:44.706",2
"10.86.58.21","10.86.58.30","ET EXPLOIT [PTsecurity] DoublePulsar Backdoor installation communication","December 18th 2018, 11:56:20.103",2
"10.86.58.21","10.86.58.33","ET EXPLOIT [PTsecurity] DoublePulsar Backdoor installation communication","December 18th 2018, 10:38:33.870",2
"10.86.58.21","10.86.58.33","ET EXPLOIT [PTsecurity] DoublePulsar Backdoor installation communication","December 18th 2018, 10:59:07.100",2
"10.86.58.21","10.86.58.33","ET EXPLOIT [PTsecurity] DoublePulsar Backdoor installation communication","December 18th 2018, 11:31:58.769",2
"10.86.58.21","10.86.58.33","ET EXPLOIT [PTsecurity] DoublePulsar Backdoor installation communication","December 18th 2018, 11:58:16.209",2
"10.86.58.21","10.86.58.33","ET EXPLOIT [PTsecurity] DoublePulsar Backdoor installation communication","December 18th 2018, 10:15:14.585",1
"10.86.58.21","10.86.58.34","ET EXPLOIT [PTsecurity] DoublePulsar Backdoor installation communication","December 18th 2018, 10:15:56.624",2
"10.86.58.21","10.86.58.34","ET EXPLOIT [PTsecurity] DoublePulsar Backdoor installation communication","December 18th 2018, 10:38:45.879",2
"10.86.58.21","10.86.58.34","ET EXPLOIT [PTsecurity] DoublePulsar Backdoor installation communication","December 18th 2018, 10:59:19.160",2
"10.86.58.21","10.86.58.34","ET EXPLOIT [PTsecurity] DoublePulsar Backdoor installation communication","December 18th 2018, 11:32:18.785",2
"10.86.58.21","10.86.58.34","ET EXPLOIT [PTsecurity] DoublePulsar Backdoor installation communication","December 18th 2018, 11:57:44.177",2
"10.86.58.21","10.86.58.57","ET EXPLOIT [PTsecurity] DoublePulsar Backdoor installation communication","December 18th 2018, 10:01:41.849",2
"10.86.58.21","10.86.58.57","ET EXPLOIT [PTsecurity] DoublePulsar Backdoor installation communication","December 18th 2018, 10:23:59.420",2
"10.86.58.21","10.86.58.57","ET EXPLOIT [PTsecurity] DoublePulsar Backdoor installation communication","December 18th 2018, 10:42:22.690",2
"10.86.58.21","10.86.58.57","ET EXPLOIT [PTsecurity] DoublePulsar Backdoor installation communication","December 18th 2018, 11:07:53.483",2
"10.86.58.21","10.86.58.57","ET EXPLOIT [PTsecurity] DoublePulsar Backdoor installation communication","December 18th 2018, 11:40:03.202",2
"10.86.58.21","10.86.58.58","ET EXPLOIT [PTsecurity] DoublePulsar Backdoor installation communication","December 18th 2018, 10:00:57.815",2
"10.86.58.21","10.86.58.58","ET EXPLOIT [PTsecurity] DoublePulsar Backdoor installation communication","December 18th 2018, 10:24:41.810",2
"10.86.58.21","10.86.58.58","ET EXPLOIT [PTsecurity] DoublePulsar Backdoor installation communication","December 18th 2018, 10:42:54.970",2
"10.86.58.21","10.86.58.58","ET EXPLOIT [PTsecurity] DoublePulsar Backdoor installation communication","December 18th 2018, 11:07:11.447",2
"10.86.58.21","10.86.58.58","ET EXPLOIT [PTsecurity] DoublePulsar Backdoor installation communication","December 18th 2018, 11:40:35.241",2
"10.86.58.21","10.86.58.64","ET EXPLOIT [PTsecurity] DoublePulsar Backdoor installation communication","December 18th 2018, 10:03:27.944",2
"10.86.58.21","10.86.58.64","ET EXPLOIT [PTsecurity] DoublePulsar Backdoor installation communication","December 18th 2018, 10:26:47.195",2
"10.86.58.21","10.86.58.64","ET EXPLOIT [PTsecurity] DoublePulsar Backdoor installation communication","December 18th 2018, 10:44:40.187",2
"10.86.58.21","10.86.58.64","ET EXPLOIT [PTsecurity] DoublePulsar Backdoor installation communication","December 18th 2018, 11:09:51.587",2
"10.86.58.21","10.86.58.64","ET EXPLOIT [PTsecurity] DoublePulsar Backdoor installation communication","December 18th 2018, 11:42:25.344",2
"10.86.58.21","10.86.58.39","ET EXPLOIT [PTsecurity] DoublePulsar Backdoor installation communication","December 18th 2018, 10:16:38.672",2
"10.86.58.21","10.86.58.39","ET EXPLOIT [PTsecurity] DoublePulsar Backdoor installation communication","December 18th 2018, 11:00:53.990",2
"10.86.58.21","10.86.58.39","ET EXPLOIT [PTsecurity] DoublePulsar Backdoor installation communication","December 18th 2018, 11:33:02.820",2
"10.86.58.21","10.86.58.39","ET EXPLOIT [PTsecurity] DoublePulsar Backdoor installation communication","December 18th 2018, 11:58:58.251",2
"10.86.58.21","10.86.58.42","ET EXPLOIT [PTsecurity] DoublePulsar Backdoor installation communication","December 18th 2018, 11:01:37.133",2
"10.86.58.21","10.86.58.42","ET EXPLOIT [PTsecurity] DoublePulsar Backdoor installation communication","December 18th 2018, 11:59:42.289",2
"10.86.58.21","10.86.58.42","ET EXPLOIT [PTsecurity] DoublePulsar Backdoor installation communication","December 18th 2018, 10:17:42.725",1
"10.86.58.21","10.86.58.42","ET EXPLOIT [PTsecurity] DoublePulsar Backdoor installation communication","December 18th 2018, 10:17:42.726",1
"10.86.58.21","10.86.58.42","ET EXPLOIT [PTsecurity] DoublePulsar Backdoor installation communication","December 18th 2018, 11:34:38.920",1
"10.86.58.21","10.86.58.69","ET EXPLOIT [PTsecurity] DoublePulsar Backdoor installation communication","December 18th 2018, 10:04:30.110",2
"10.86.58.21","10.86.58.69","ET EXPLOIT [PTsecurity] DoublePulsar Backdoor installation communication","December 18th 2018, 11:10:53.664",2
"10.86.58.21","10.86.58.69","ET EXPLOIT [PTsecurity] DoublePulsar Backdoor installation communication","December 18th 2018, 11:43:27.398",2
"10.86.58.21","10.86.58.69","ET EXPLOIT [PTsecurity] DoublePulsar Backdoor installation communication","December 18th 2018, 10:45:44.243",1
"10.86.58.21","10.86.58.69","ET EXPLOIT [PTsecurity] DoublePulsar Backdoor installation communication","December 18th 2018, 10:45:44.244",1
"10.86.58.21","10.86.58.72","ET EXPLOIT [PTsecurity] DoublePulsar Backdoor installation communication","December 18th 2018, 10:05:14.550",2
"10.86.58.21","10.86.58.72","ET EXPLOIT [PTsecurity] DoublePulsar Backdoor installation communication","December 18th 2018, 10:46:28.295",2
"10.86.58.21","10.86.58.72","ET EXPLOIT [PTsecurity] DoublePulsar Backdoor installation communication","December 18th 2018, 11:11:37.703",2
"10.86.58.21","10.86.58.72","ET EXPLOIT [PTsecurity] DoublePulsar Backdoor installation communication","December 18th 2018, 11:44:11.436",2
"10.86.58.21","10.86.58.107","ET EXPLOIT [PTsecurity] DoublePulsar Backdoor installation communication","December 18th 2018, 10:30:57.433",2
"10.86.58.21","10.86.58.107","ET EXPLOIT [PTsecurity] DoublePulsar Backdoor installation communication","December 18th 2018, 10:51:52.585",2
"10.86.58.21","10.86.58.107","ET EXPLOIT [PTsecurity] DoublePulsar Backdoor installation communication","December 18th 2018, 11:49:57.765",2
"10.86.58.21","10.86.58.118","ET EXPLOIT [PTsecurity] DoublePulsar Backdoor installation communication","December 18th 2018, 10:34:25.631",2
"10.86.58.21","10.86.58.118","ET EXPLOIT [PTsecurity] DoublePulsar Backdoor installation communication","December 18th 2018, 10:56:12.827",2
"10.86.58.21","10.86.58.118","ET EXPLOIT [PTsecurity] DoublePulsar Backdoor installation communication","December 18th 2018, 11:53:35.955",2
"10.86.58.21","10.86.58.44","ET EXPLOIT [PTsecurity] DoublePulsar Backdoor installation communication","December 18th 2018, 11:02:51.203",2
"10.86.58.21","10.86.58.44","ET EXPLOIT [PTsecurity] DoublePulsar Backdoor installation communication","December 18th 2018, 11:35:20.951",2
"10.86.58.21","10.86.58.44","ET EXPLOIT [PTsecurity] DoublePulsar Backdoor installation communication","December 18th 2018, 10:18:56.780",1
"10.86.58.21","10.86.58.44","ET EXPLOIT [PTsecurity] DoublePulsar Backdoor installation communication","December 18th 2018, 10:18:56.781",1
"10.86.58.21","10.86.58.46","ET EXPLOIT [PTsecurity] DoublePulsar Backdoor installation communication","December 18th 2018, 10:19:38.813",2
"10.86.58.21","10.86.58.46","ET EXPLOIT [PTsecurity] DoublePulsar Backdoor installation communication","December 18th 2018, 11:03:33.246",2
"10.86.58.21","10.86.58.46","ET EXPLOIT [PTsecurity] DoublePulsar Backdoor installation communication","December 18th 2018, 11:37:07.450",2
"10.86.58.21","10.86.58.47","ET EXPLOIT [PTsecurity] DoublePulsar Backdoor installation communication","December 18th 2018, 10:20:10.845",2
"10.86.58.21","10.86.58.47","ET EXPLOIT [PTsecurity] DoublePulsar Backdoor installation communication","December 18th 2018, 11:04:47.328",2
"10.86.58.21","10.86.58.47","ET EXPLOIT [PTsecurity] DoublePulsar Backdoor installation communication","December 18th 2018, 11:36:02.987",2
"10.86.58.21","10.86.58.89","ET EXPLOIT [PTsecurity] DoublePulsar Backdoor installation communication","December 18th 2018, 10:09:02.261",2
"10.86.58.21","10.86.58.89","ET EXPLOIT [PTsecurity] DoublePulsar Backdoor installation communication","December 18th 2018, 10:51:20.557",2
"10.86.58.21","10.86.58.89","ET EXPLOIT [PTsecurity] DoublePulsar Backdoor installation communication","December 18th 2018, 11:47:59.659",2
"10.86.58.21","10.86.58.91","ET EXPLOIT [PTsecurity] DoublePulsar Backdoor installation communication","December 18th 2018, 10:29:43.365",2
"10.86.58.21","10.86.58.91","ET EXPLOIT [PTsecurity] DoublePulsar Backdoor installation communication","December 18th 2018, 10:50:48.529",2
"10.86.58.21","10.86.58.91","ET EXPLOIT [PTsecurity] DoublePulsar Backdoor installation communication","December 18th 2018, 11:48:33.689",1
"10.86.58.21","10.86.58.91","ET EXPLOIT [PTsecurity] DoublePulsar Backdoor installation communication","December 18th 2018, 11:48:33.690",1
"10.86.58.21","10.86.58.92","ET EXPLOIT [PTsecurity] DoublePulsar Backdoor installation communication","December 18th 2018, 10:30:15.398",2
"10.86.58.21","10.86.58.92","ET EXPLOIT [PTsecurity] DoublePulsar Backdoor installation communication","December 18th 2018, 10:50:16.507",2
"10.86.58.21","10.86.58.92","ET EXPLOIT [PTsecurity] DoublePulsar Backdoor installation communication","December 18th 2018, 11:49:15.726",2
"10.86.58.21","10.86.58.48","ET EXPLOIT [PTsecurity] DoublePulsar Backdoor installation communication","December 18th 2018, 10:20:42.871",2
"10.86.58.21","10.86.58.48","ET EXPLOIT [PTsecurity] DoublePulsar Backdoor installation communication","December 18th 2018, 11:04:05.278",2
"10.86.58.21","10.86.58.60","ET SCAN Behavioral Unusual Port 445 traffic Potential Scan or Infection","December 18th 2018, 10:43:48.144",1
"10.86.58.21","10.86.58.60","ET SCAN Behavioral Unusual Port 445 traffic Potential Scan or Infection","December 18th 2018, 10:58:48.983",1
"10.86.58.21","10.86.58.60","ET SCAN Behavioral Unusual Port 445 traffic Potential Scan or Infection","December 18th 2018, 11:59:02.255",1
"10.86.58.21","10.86.11.139","ET SCAN Behavioral Unusual Port 445 traffic Potential Scan or Infection","December 18th 2018, 10:48:06.391",1
"10.86.58.21","10.86.11.139","ET SCAN Behavioral Unusual Port 445 traffic Potential Scan or Infection","December 18th 2018, 11:33:20.833",1
"10.86.58.21","192.168.0.215","ET EXPLOIT [PTsecurity] DoublePulsar Backdoor installation communication","December 18th 2018, 11:16:10.967",1
"10.86.58.21","192.168.0.215","ET EXPLOIT [PTsecurity] DoublePulsar Backdoor installation communication","December 18th 2018, 11:16:11.935",1
"10.86.58.21","192.168.0.218","ET EXPLOIT [PTsecurity] DoublePulsar Backdoor installation communication","December 18th 2018, 11:16:53.220",1
"10.86.58.21","192.168.0.218","ET EXPLOIT [PTsecurity] DoublePulsar Backdoor installation communication","December 18th 2018, 11:16:53.983",1
"10.86.58.21","192.168.0.219","ET EXPLOIT [PTsecurity] DoublePulsar Backdoor installation communication","December 18th 2018, 11:17:25.640",1
"10.86.58.21","192.168.0.219","ET EXPLOIT [PTsecurity] DoublePulsar Backdoor installation communication","December 18th 2018, 11:17:26.200",1
"10.86.58.21","10.86.11.122","ET SCAN Behavioral Unusual Port 445 traffic Potential Scan or Infection","December 18th 2018, 10:33:05.552",1
"10.86.58.21","10.86.11.198","ET SCAN Behavioral Unusual Port 445 traffic Potential Scan or Infection","December 18th 2018, 11:48:45.700",1
"10.86.58.21","10.86.11.237","ET SCAN Behavioral Unusual Port 445 traffic Potential Scan or Infection","December 18th 2018, 11:03:29.241",1
"10.86.58.21","10.86.11.26","ET SCAN Behavioral Unusual Port 445 traffic Potential Scan or Infection","December 18th 2018, 10:02:43.903",1
"10.86.58.21","10.86.11.44","ET SCAN Behavioral Unusual Port 445 traffic Potential Scan or Infection","December 18th 2018, 11:17:58.230",1
"10.86.58.21","10.86.11.52","ET SCAN Behavioral Unusual Port 445 traffic Potential Scan or Infection","December 18th 2018, 10:17:52.734",1
"10.86.58.21","10.86.58.28","ET SCAN Behavioral Unusual Port 445 traffic Potential Scan or Infection","December 18th 2018, 11:29:02.610",1
"10.86.58.21","10.86.58.59","ET SCAN Behavioral Unusual Port 445 traffic Potential Scan or Infection","December 18th 2018, 11:44:01.427",1
"10.86.58.21","192.168.0.107","ET SCAN Behavioral Unusual Port 445 traffic Potential Scan or Infection","December 18th 2018, 11:00:25.770",1
"10.86.58.21","192.168.0.11","ET SCAN Behavioral Unusual Port 445 traffic Potential Scan or Infection","December 18th 2018, 10:59:55.470",1
"10.86.58.21","192.168.0.12","ET SCAN Behavioral Unusual Port 445 traffic Potential Scan or Infection","December 18th 2018, 11:15:07.881",1
"10.86.58.21","192.168.0.146","ET SCAN Behavioral Unusual Port 445 traffic Potential Scan or Infection","December 18th 2018, 11:45:51.526",1
"10.86.58.21","192.168.0.15","ET SCAN Behavioral Unusual Port 445 traffic Potential Scan or Infection","December 18th 2018, 11:45:07.487",1
"10.86.58.21","192.168.0.161","ET SCAN Behavioral Unusual Port 445 traffic Potential Scan or Infection","December 18th 2018, 11:15:51.917",1
"10.86.58.21","192.168.0.177","ET SCAN Behavioral Unusual Port 445 traffic Potential Scan or Infection","December 18th 2018, 10:00:39.798",1
"10.86.58.21","192.168.0.202","ET SCAN Behavioral Unusual Port 445 traffic Potential Scan or Infection","December 18th 2018, 10:15:58.626",1
"10.86.58.21","192.168.0.211","ET SCAN Behavioral Unusual Port 445 traffic Potential Scan or Infection","December 18th 2018, 10:30:59.435",1
"10.86.58.21","192.168.0.214","ET SCAN Behavioral Unusual Port 445 traffic Potential Scan or Infection","December 18th 2018, 11:31:12.729",1
"10.86.58.21","192.168.0.236","ET SCAN Behavioral Unusual Port 445 traffic Potential Scan or Infection","December 18th 2018, 10:46:00.259",1
"10.86.58.21","192.168.0.24","ET SCAN Behavioral Unusual Port 445 traffic Potential Scan or Infection","December 18th 2018, 11:30:08.683",1
"10.86.58.21","192.168.0.45","ET SCAN Behavioral Unusual Port 445 traffic Potential Scan or Infection","December 18th 2018, 10:44:54.200",1
"10.86.58.21","192.168.0.49","ET SCAN Behavioral Unusual Port 445 traffic Potential Scan or Infection","December 18th 2018, 10:45:02.207",1
"10.86.58.21","192.168.0.54","ET SCAN Behavioral Unusual Port 445 traffic Potential Scan or Infection","December 18th 2018, 10:29:55.377",1
"10.86.58.21","192.168.0.57","ET SCAN Behavioral Unusual Port 445 traffic Potential Scan or Infection","December 18th 2018, 10:14:54.570",1
"10.86.58.21","192.168.207.140","ET SCAN Behavioral Unusual Port 445 traffic Potential Scan or Infection","December 18th 2018, 10:16:58.689",1
"10.86.58.21","192.168.207.152","ET SCAN Behavioral Unusual Port 445 traffic Potential Scan or Infection","December 18th 2018, 10:32:03.493",1
"10.86.58.21","192.168.207.154","ET SCAN Behavioral Unusual Port 445 traffic Potential Scan or Infection","December 18th 2018, 10:47:04.331",1
"10.86.58.21","192.168.207.156","ET SCAN Behavioral Unusual Port 445 traffic Potential Scan or Infection","December 18th 2018, 11:32:16.785",1
"10.86.58.21","192.168.207.217","ET SCAN Behavioral Unusual Port 445 traffic Potential Scan or Infection","December 18th 2018, 11:02:25.177",1
"10.86.58.21","192.168.207.253","ET SCAN Behavioral Unusual Port 445 traffic Potential Scan or Infection","December 18th 2018, 11:47:47.648",1
"10.86.58.21","192.168.207.41","ET SCAN Behavioral Unusual Port 445 traffic Potential Scan or Infection","December 18th 2018, 11:01:21.119",1
"10.86.58.21","192.168.207.80","ET SCAN Behavioral Unusual Port 445 traffic Potential Scan or Infection","December 18th 2018, 10:01:41.849",1
"10.86.58.21","192.168.207.84","ET SCAN Behavioral Unusual Port 445 traffic Potential Scan or Infection","December 18th 2018, 11:16:55.983",1
"10.86.58.21","192.168.207.95","ET SCAN Behavioral Unusual Port 445 traffic Potential Scan or Infection","December 18th 2018, 11:46:53.599",1
"10.86.58.21","192.168.5.127","ET SCAN Behavioral Unusual Port 445 traffic Potential Scan or Infection","December 18th 2018, 11:04:33.317",1
"10.86.58.21","192.168.5.167","ET SCAN Behavioral Unusual Port 445 traffic Potential Scan or Infection","December 18th 2018, 10:04:44.250",1
"10.86.58.21","192.168.5.6","ET SCAN Behavioral Unusual Port 445 traffic Potential Scan or Infection","December 18th 2018, 10:03:49.965",1
"192.168.207.237","192.168.207.232","ET SCAN Behavioral Unusual Port 445 traffic Potential Scan or Infection","December 18th 2018, 10:55:48.532",1
"192.168.207.237","192.168.207.232","ET SCAN Behavioral Unusual Port 445 traffic Potential Scan or Infection","December 18th 2018, 11:25:42.855",1
"192.168.207.237","192.168.207.252","ET SCAN Behavioral Unusual Port 445 traffic Potential Scan or Infection","December 18th 2018, 10:10:43.130",1
"192.168.207.237","192.168.207.252","ET SCAN Behavioral Unusual Port 445 traffic Potential Scan or Infection","December 18th 2018, 10:40:47.343",1
"192.168.207.237","10.45.20.141","ET SCAN Behavioral Unusual Port 445 traffic Potential Scan or Infection","December 18th 2018, 11:14:09.976",1
"192.168.207.237","10.45.20.254","ET SCAN Behavioral Unusual Port 445 traffic Potential Scan or Infection","December 18th 2018, 11:48:18.536",1
"192.168.207.237","10.46.20.122","ET SCAN Behavioral Unusual Port 445 traffic Potential Scan or Infection","December 18th 2018, 11:18:12.252",1
"192.168.207.237","10.46.20.193","ET SCAN Behavioral Unusual Port 445 traffic Potential Scan or Infection","December 18th 2018, 10:29:18.476",1
"192.168.207.237","10.47.1.176","ET SCAN Behavioral Unusual Port 445 traffic Potential Scan or Infection","December 18th 2018, 11:19:10.369",1
"192.168.207.237","10.47.1.2","ET SCAN Behavioral Unusual Port 445 traffic Potential Scan or Infection","December 18th 2018, 10:19:15.690",1
"192.168.207.237","10.47.17.71","ET SCAN Behavioral Unusual Port 445 traffic Potential Scan or Infection","December 18th 2018, 11:22:12.570",1
"192.168.207.237","10.47.33.10","ET SCAN Behavioral Unusual Port 445 traffic Potential Scan or Infection","December 18th 2018, 11:49:18.640",1
"192.168.207.237","10.47.33.161","ET SCAN Behavioral Unusual Port 445 traffic Potential Scan or Infection","December 18th 2018, 11:12:21.823",1
"192.168.207.237","10.47.33.17","ET SCAN Behavioral Unusual Port 445 traffic Potential Scan or Infection","December 18th 2018, 11:09:13.582",1
"192.168.207.237","10.47.33.217","ET SCAN Behavioral Unusual Port 445 traffic Potential Scan or Infection","December 18th 2018, 11:50:16.707",1
"192.168.207.237","10.47.33.252","ET SCAN Behavioral Unusual Port 445 traffic Potential Scan or Infection","December 18th 2018, 10:21:15.840",1
"192.168.207.237","10.47.33.61","ET SCAN Behavioral Unusual Port 445 traffic Potential Scan or Infection","December 18th 2018, 10:20:13.753",1
"192.168.207.237","10.47.45.100","ET SCAN Behavioral Unusual Port 445 traffic Potential Scan or Infection","December 18th 2018, 11:07:15.436",1
"192.168.207.237","10.86.20.142","ET SCAN Behavioral Unusual Port 445 traffic Potential Scan or Infection","December 18th 2018, 10:18:13.585",1
"192.168.207.237","10.86.20.59","ET SCAN Behavioral Unusual Port 445 traffic Potential Scan or Infection","December 18th 2018, 11:08:13.507",1
"192.168.207.237","10.86.48.68","ET SCAN Behavioral Unusual Port 445 traffic Potential Scan or Infection","December 18th 2018, 10:15:17.380",1
"192.168.207.237","10.86.49.183","ET SCAN Behavioral Unusual Port 445 traffic Potential Scan or Infection","December 18th 2018, 10:44:15.637",1
"192.168.207.237","10.86.51.144","ET SCAN Behavioral Unusual Port 445 traffic Potential Scan or Infection","December 18th 2018, 10:45:15.708",1
"192.168.207.237","10.86.52.117","ET SCAN Behavioral Unusual Port 445 traffic Potential Scan or Infection","December 18th 2018, 11:15:16.610",1
"192.168.207.237","10.86.53.133","ET SCAN Behavioral Unusual Port 445 traffic Potential Scan or Infection","December 18th 2018, 11:57:37.260",1
"192.168.207.237","10.86.53.189","ET SCAN Behavioral Unusual Port 445 traffic Potential Scan or Infection","December 18th 2018, 11:28:15.580",1
"192.168.207.237","10.86.53.246","ET SCAN Behavioral Unusual Port 445 traffic Potential Scan or Infection","December 18th 2018, 10:36:20.999",1
"192.168.207.237","10.86.53.44","ET SCAN Behavioral Unusual Port 445 traffic Potential Scan or Infection","December 18th 2018, 10:35:16.911",1
"192.168.207.237","10.86.53.48","ET SCAN Behavioral Unusual Port 445 traffic Potential Scan or Infection","December 18th 2018, 11:27:22.984",1
"192.168.207.237","10.86.54.155","ET SCAN Behavioral Unusual Port 445 traffic Potential Scan or Infection","December 18th 2018, 10:03:14.434",1
"192.168.207.237","10.86.54.226","ET SCAN Behavioral Unusual Port 445 traffic Potential Scan or Infection","December 18th 2018, 10:50:16.890",1
"192.168.207.237","10.86.54.30","ET SCAN Behavioral Unusual Port 445 traffic Potential Scan or Infection","December 18th 2018, 10:49:16.130",1
"192.168.207.237","10.86.56.203","ET SCAN Behavioral Unusual Port 445 traffic Potential Scan or Infection","December 18th 2018, 10:17:13.516",1
"192.168.207.237","10.86.56.46","ET SCAN Behavioral Unusual Port 445 traffic Potential Scan or Infection","December 18th 2018, 10:16:19.453",1
"192.168.207.237","10.86.57.185","ET SCAN Behavioral Unusual Port 445 traffic Potential Scan or Infection","December 18th 2018, 10:51:18.171",1
"192.168.207.237","10.86.58.130","ET SCAN Behavioral Unusual Port 445 traffic Potential Scan or Infection","December 18th 2018, 11:46:16.404",1
"192.168.207.237","10.86.58.145","ET SCAN Behavioral Unusual Port 445 traffic Potential Scan or Infection","December 18th 2018, 11:39:13.903",1
"192.168.207.237","10.86.58.26","ET SCAN Behavioral Unusual Port 445 traffic Potential Scan or Infection","December 18th 2018, 10:33:16.776",1
"192.168.207.237","10.86.58.77","ET SCAN Behavioral Unusual Port 445 traffic Potential Scan or Infection","December 18th 2018, 11:38:53.141",1
"192.168.207.237","10.86.58.82","ET SCAN Behavioral Unusual Port 445 traffic Potential Scan or Infection","December 18th 2018, 10:33:17.563",1
"192.168.207.237","10.86.58.85","ET SCAN Behavioral Unusual Port 445 traffic Potential Scan or Infection","December 18th 2018, 11:45:59.533",1
"192.168.207.237","10.86.59.101","ET SCAN Behavioral Unusual Port 445 traffic Potential Scan or Infection","December 18th 2018, 10:52:16.246",1
"192.168.207.237","10.86.59.119","ET SCAN Behavioral Unusual Port 445 traffic Potential Scan or Infection","December 18th 2018, 11:38:15.839",1
"192.168.207.237","10.86.59.135","ET SCAN Behavioral Unusual Port 445 traffic Potential Scan or Infection","December 18th 2018, 10:04:14.505",1
"192.168.207.237","10.86.59.167","ET SCAN Behavioral Unusual Port 445 traffic Potential Scan or Infection","December 18th 2018, 11:45:22.347",1
"192.168.207.237","10.86.62.197","ET SCAN Behavioral Unusual Port 445 traffic Potential Scan or Infection","December 18th 2018, 10:38:17.171",1
"192.168.207.237","10.86.62.4","ET SCAN Behavioral Unusual Port 445 traffic Potential Scan or Infection","December 18th 2018, 11:59:27.380",1
"192.168.207.237","10.86.62.95","ET SCAN Behavioral Unusual Port 445 traffic Potential Scan or Infection","December 18th 2018, 11:23:12.653",1
"192.168.207.237","10.86.63.242","ET SCAN Behavioral Unusual Port 445 traffic Potential Scan or Infection","December 18th 2018, 11:04:13.205",1
"192.168.207.237","10.86.63.90","ET SCAN Behavioral Unusual Port 445 traffic Potential Scan or Infection","December 18th 2018, 11:03:11.112",1
"192.168.207.237","10.86.64.174","ET SCAN Behavioral Unusual Port 445 traffic Potential Scan or Infection","December 18th 2018, 10:28:18.400",1
"192.168.207.237","10.86.64.245","ET SCAN Behavioral Unusual Port 445 traffic Potential Scan or Infection","December 18th 2018, 11:17:12.185",1
"192.168.207.237","10.86.64.63","ET SCAN Behavioral Unusual Port 445 traffic Potential Scan or Infection","December 18th 2018, 11:16:12.132",1
"192.168.207.237","10.86.64.8","ET SCAN Behavioral Unusual Port 445 traffic Potential Scan or Infection","December 18th 2018, 11:58:25.316",1
"192.168.207.237","10.86.65.103","ET SCAN Behavioral Unusual Port 445 traffic Potential Scan or Infection","December 18th 2018, 11:02:13.350",1
"192.168.207.237","10.86.65.172","ET SCAN Behavioral Unusual Port 445 traffic Potential Scan or Infection","December 18th 2018, 10:13:15.221",1
"192.168.207.237","10.86.65.32","ET SCAN Behavioral Unusual Port 445 traffic Potential Scan or Infection","December 18th 2018, 10:12:23.127",1
"192.168.207.237","10.86.66.177","ET SCAN Behavioral Unusual Port 445 traffic Potential Scan or Infection","December 18th 2018, 11:01:14.961",1
"192.168.207.237","10.86.66.194","ET SCAN Behavioral Unusual Port 445 traffic Potential Scan or Infection","December 18th 2018, 10:08:14.852",1
"192.168.207.237","192.168.0.136","ET SCAN Behavioral Unusual Port 445 traffic Potential Scan or Infection","December 18th 2018, 10:14:15.305",1
"192.168.207.237","192.168.0.199","ET SCAN Behavioral Unusual Port 445 traffic Potential Scan or Infection","December 18th 2018, 11:05:15.279",1
"192.168.207.237","192.168.192.15","ET SCAN Behavioral Unusual Port 445 traffic Potential Scan or Infection","December 18th 2018, 10:24:16.650",1
"192.168.207.237","192.168.192.227","ET SCAN Behavioral Unusual Port 445 traffic Potential Scan or Infection","December 18th 2018, 10:27:22.327",1
"192.168.207.237","192.168.192.72","ET SCAN Behavioral Unusual Port 445 traffic Potential Scan or Infection","December 18th 2018, 10:24:21.188",1
"192.168.207.237","192.168.192.73","ET SCAN Behavioral Unusual Port 445 traffic Potential Scan or Infection","December 18th 2018, 11:17:18.580",1
"192.168.207.237","192.168.192.79","ET SCAN Behavioral Unusual Port 445 traffic Potential Scan or Infection","December 18th 2018, 11:48:35.787",1
"192.168.207.237","192.168.193.218","ET SCAN Behavioral Unusual Port 445 traffic Potential Scan or Infection","December 18th 2018, 11:34:15.508",1
"192.168.207.237","192.168.193.29","ET SCAN Behavioral Unusual Port 445 traffic Potential Scan or Infection","December 18th 2018, 11:33:13.437",1
"192.168.207.237","192.168.193.66","ET SCAN Behavioral Unusual Port 445 traffic Potential Scan or Infection","December 18th 2018, 10:32:16.705",1
"192.168.207.237","192.168.194.13","ET SCAN Behavioral Unusual Port 445 traffic Potential Scan or Infection","December 18th 2018, 10:47:15.842",1
"192.168.207.237","192.168.194.217","ET SCAN Behavioral Unusual Port 445 traffic Potential Scan or Infection","December 18th 2018, 10:01:18.295",1
"192.168.207.237","192.168.194.56","ET SCAN Behavioral Unusual Port 445 traffic Potential Scan or Infection","December 18th 2018, 11:32:13.365",1
"192.168.207.237","192.168.196.249","ET SCAN Behavioral Unusual Port 445 traffic Potential Scan or Infection","December 18th 2018, 10:07:14.780",1
"192.168.207.237","192.168.196.48","ET SCAN Behavioral Unusual Port 445 traffic Potential Scan or Infection","December 18th 2018, 10:06:14.653",1
"192.168.207.237","192.168.196.93","ET SCAN Behavioral Unusual Port 445 traffic Potential Scan or Infection","December 18th 2018, 10:58:12.712",1
"192.168.207.237","192.168.197.124","ET SCAN Behavioral Unusual Port 445 traffic Potential Scan or Infection","December 18th 2018, 11:21:14.519",1
"192.168.207.237","192.168.197.125","ET SCAN Behavioral Unusual Port 445 traffic Potential Scan or Infection","December 18th 2018, 10:31:20.636",1
"192.168.207.237","192.168.197.208","ET SCAN Behavioral Unusual Port 445 traffic Potential Scan or Infection","December 18th 2018, 11:54:16.984",1
"192.168.207.237","192.168.198.79","ET SCAN Behavioral Unusual Port 445 traffic Potential Scan or Infection","December 18th 2018, 10:46:15.773",1
"192.168.207.237","192.168.199.160","ET SCAN Behavioral Unusual Port 445 traffic Potential Scan or Infection","December 18th 2018, 11:06:17.356",1
"192.168.207.237","192.168.202.166","ET SCAN Behavioral Unusual Port 445 traffic Potential Scan or Infection","December 18th 2018, 10:39:19.247",1
"192.168.207.237","192.168.202.187","ET SCAN Behavioral Unusual Port 445 traffic Potential Scan or Infection","December 18th 2018, 11:29:17.144",1
"192.168.207.237","192.168.202.223","ET SCAN Behavioral Unusual Port 445 traffic Potential Scan or Infection","December 18th 2018, 11:53:16.915",1
"192.168.207.237","192.168.202.40","ET SCAN Behavioral Unusual Port 445 traffic Potential Scan or Infection","December 18th 2018, 11:52:20.843",1
"192.168.207.237","192.168.206.108","ET SCAN Behavioral Unusual Port 445 traffic Potential Scan or Infection","December 18th 2018, 11:13:11.899",1
"192.168.207.237","192.168.206.217","ET SCAN Behavioral Unusual Port 445 traffic Potential Scan or Infection","December 18th 2018, 11:43:16.213",1
"192.168.207.237","192.168.206.247","ET SCAN Behavioral Unusual Port 445 traffic Potential Scan or Infection","December 18th 2018, 10:22:17.916",1
"192.168.207.237","192.168.206.28","ET SCAN Behavioral Unusual Port 445 traffic Potential Scan or Infection","December 18th 2018, 11:42:28.139",1
"192.168.207.237","192.168.207.145","ET SCAN Behavioral Unusual Port 445 traffic Potential Scan or Infection","December 18th 2018, 11:55:33.104",1
"192.168.207.237","192.168.207.185","ET SCAN Behavioral Unusual Port 445 traffic Potential Scan or Infection","December 18th 2018, 11:10:31.683",1
"192.168.207.237","192.168.207.223","ET SCAN Behavioral Unusual Port 445 traffic Potential Scan or Infection","December 18th 2018, 10:25:42.206",1
"192.168.207.237","192.168.207.253","ET SCAN Behavioral Unusual Port 445 traffic Potential Scan or Infection","December 18th 2018, 11:40:46.230",1
"192.168.207.237","192.168.212.135","ET SCAN Behavioral Unusual Port 445 traffic Potential Scan or Infection","December 18th 2018, 11:30:19.210",1
"192.168.207.237","192.168.212.166","ET SCAN Behavioral Unusual Port 445 traffic Potential Scan or Infection","December 18th 2018, 10:09:16.917",1
"192.168.207.237","192.168.223.247","ET SCAN Behavioral Unusual Port 445 traffic Potential Scan or Infection","December 18th 2018, 11:00:16.866",1
"192.168.207.237","192.168.223.43","ET SCAN Behavioral Unusual Port 445 traffic Potential Scan or Infection","December 18th 2018, 10:59:14.788",1
"192.168.207.237","192.168.27.119","ET SCAN Behavioral Unusual Port 445 traffic Potential Scan or Infection","December 18th 2018, 11:31:21.304",1
"192.168.207.237","192.168.27.161","ET SCAN Behavioral Unusual Port 445 traffic Potential Scan or Infection","December 18th 2018, 10:30:18.548",1
"192.168.207.237","192.168.31.143","ET SCAN Behavioral Unusual Port 445 traffic Potential Scan or Infection","December 18th 2018, 11:20:14.448",1
"192.168.207.237","192.168.31.52","ET SCAN Behavioral Unusual Port 445 traffic Potential Scan or Infection","December 18th 2018, 10:23:13.987",1
"192.168.207.237","192.168.37.73","ET SCAN Behavioral Unusual Port 445 traffic Potential Scan or Infection","December 18th 2018, 10:53:14.329",1
"192.168.207.237","192.168.43.182","ET SCAN Behavioral Unusual Port 445 traffic Potential Scan or Infection","December 18th 2018, 11:44:20.276",1
"192.168.207.237","192.168.43.193","ET SCAN Behavioral Unusual Port 445 traffic Potential Scan or Infection","December 18th 2018, 11:37:13.760",1
"192.168.207.237","192.168.43.213","ET SCAN Behavioral Unusual Port 445 traffic Potential Scan or Infection","December 18th 2018, 10:43:15.560",1
"192.168.207.237","192.168.43.251","ET SCAN Behavioral Unusual Port 445 traffic Potential Scan or Infection","December 18th 2018, 10:00:18.204",1
"192.168.207.237","192.168.43.68","ET SCAN Behavioral Unusual Port 445 traffic Potential Scan or Infection","December 18th 2018, 10:42:21.471",1
"192.168.207.237","192.168.45.2","ET SCAN Behavioral Unusual Port 445 traffic Potential Scan or Infection","December 18th 2018, 11:35:17.586",1
"192.168.207.237","192.168.45.227","ET SCAN Behavioral Unusual Port 445 traffic Potential Scan or Infection","December 18th 2018, 11:36:15.666",1
"192.168.207.237","192.168.45.228","ET SCAN Behavioral Unusual Port 445 traffic Potential Scan or Infection","December 18th 2018, 10:37:19.100",1
"192.168.207.237","192.168.49.1","ET SCAN Behavioral Unusual Port 445 traffic Potential Scan or Infection","December 18th 2018, 11:51:14.772",1
"192.168.207.237","192.168.49.102","ET SCAN Behavioral Unusual Port 445 traffic Potential Scan or Infection","December 18th 2018, 11:24:12.724",1
"192.168.207.237","192.168.49.13","ET SCAN Behavioral Unusual Port 445 traffic Potential Scan or Infection","December 18th 2018, 10:34:16.840",1
"192.168.207.237","192.168.50.11","ET SCAN Behavioral Unusual Port 445 traffic Potential Scan or Infection","December 18th 2018, 10:54:12.396",1
"192.168.207.237","192.168.50.156","ET SCAN Behavioral Unusual Port 445 traffic Potential Scan or Infection","December 18th 2018, 10:57:20.654",1
"192.168.207.237","192.168.50.85","ET SCAN Behavioral Unusual Port 445 traffic Potential Scan or Infection","December 18th 2018, 10:05:18.580",1
"192.168.207.237","192.168.56.158","ET SCAN Behavioral Unusual Port 445 traffic Potential Scan or Infection","December 18th 2018, 11:47:12.458",1
"192.168.207.237","192.168.56.195","ET SCAN Behavioral Unusual Port 445 traffic Potential Scan or Infection","December 18th 2018, 10:02:12.356",1
"192.168.207.237","192.168.56.22","ET SCAN Behavioral Unusual Port 445 traffic Potential Scan or Infection","December 18th 2018, 10:48:11.915",1
"192.168.224.100","192.168.192.13","ET SCAN Behavioral Unusual Port 445 traffic Potential Scan or Infection","December 18th 2018, 10:11:54.168",1
"192.168.224.100","192.168.192.13","ET SCAN Behavioral Unusual Port 445 traffic Potential Scan or Infection","December 18th 2018, 10:41:55.827",1
"192.168.224.100","192.168.192.13","ET SCAN Behavioral Unusual Port 445 traffic Potential Scan or Infection","December 18th 2018, 10:56:58.659",1
"192.168.224.100","192.168.192.13","ET SCAN Behavioral Unusual Port 445 traffic Potential Scan or Infection","December 18th 2018, 11:57:03.929",1
"192.168.224.100","192.168.193.66","ET SCAN Behavioral Unusual Port 445 traffic Potential Scan or Infection","December 18th 2018, 10:12:58.233",1
"192.168.224.100","192.168.193.66","ET SCAN Behavioral Unusual Port 445 traffic Potential Scan or Infection","December 18th 2018, 10:27:59.580",1
"192.168.224.100","192.168.193.66","ET SCAN Behavioral Unusual Port 445 traffic Potential Scan or Infection","December 18th 2018, 11:13:03.559",1
"192.168.224.100","192.168.192.12","ET SCAN Behavioral Unusual Port 445 traffic Potential Scan or Infection","December 18th 2018, 10:18:56.572",1
"192.168.224.100","192.168.192.12","ET SCAN Behavioral Unusual Port 445 traffic Potential Scan or Infection","December 18th 2018, 11:27:00.308",1
"192.168.224.100","192.168.192.16","ET SCAN Behavioral Unusual Port 445 traffic Potential Scan or Infection","December 18th 2018, 11:06:59.228",1
"192.168.224.100","192.168.192.16","ET SCAN Behavioral Unusual Port 445 traffic Potential Scan or Infection","December 18th 2018, 11:11:59.498",1
"192.168.224.100","192.168.192.167","ET SCAN Behavioral Unusual Port 445 traffic Potential Scan or Infection","December 18th 2018, 10:34:15.731",1
"192.168.224.100","192.168.192.167","ET SCAN Behavioral Unusual Port 445 traffic Potential Scan or Infection","December 18th 2018, 10:49:16.549",1
"192.168.224.100","192.168.192.172","ET SCAN Behavioral Unusual Port 445 traffic Potential Scan or Infection","December 18th 2018, 10:19:16.903",1
"192.168.224.100","192.168.192.172","ET SCAN Behavioral Unusual Port 445 traffic Potential Scan or Infection","December 18th 2018, 11:07:15.522",1
"192.168.224.100","192.168.192.2","ET SCAN Behavioral Unusual Port 445 traffic Potential Scan or Infection","December 18th 2018, 10:48:56.208",1
"192.168.224.100","192.168.192.2","ET SCAN Behavioral Unusual Port 445 traffic Potential Scan or Infection","December 18th 2018, 11:33:56.692",1
"192.168.224.100","192.168.192.249","ET SCAN Behavioral Unusual Port 445 traffic Potential Scan or Infection","December 18th 2018, 10:12:34.566",1
"192.168.224.100","192.168.192.249","ET SCAN Behavioral Unusual Port 445 traffic Potential Scan or Infection","December 18th 2018, 11:44:09.253",1
"192.168.224.100","192.168.193.13","ET SCAN Behavioral Unusual Port 445 traffic Potential Scan or Infection","December 18th 2018, 11:04:59.101",1
"192.168.224.100","192.168.193.13","ET SCAN Behavioral Unusual Port 445 traffic Potential Scan or Infection","December 18th 2018, 11:37:00.872",1
"192.168.224.100","192.168.193.223","ET SCAN Behavioral Unusual Port 445 traffic Potential Scan or Infection","December 18th 2018, 11:06:01.162",1
"192.168.224.100","192.168.193.223","ET SCAN Behavioral Unusual Port 445 traffic Potential Scan or Infection","December 18th 2018, 11:43:05.206",1
"192.168.224.100","192.168.193.25","ET SCAN Behavioral Unusual Port 445 traffic Potential Scan or Infection","December 18th 2018, 10:04:59.790",1
"192.168.224.100","192.168.193.25","ET SCAN Behavioral Unusual Port 445 traffic Potential Scan or Infection","December 18th 2018, 11:19:59.929",1
"192.168.224.100","192.168.193.254","ET SCAN Behavioral Unusual Port 445 traffic Potential Scan or Infection","December 18th 2018, 10:14:00.290",1
"192.168.224.100","192.168.193.254","ET SCAN Behavioral Unusual Port 445 traffic Potential Scan or Infection","December 18th 2018, 11:59:14.450",1
"192.168.224.100","192.168.193.255","ET SCAN Behavioral Unusual Port 445 traffic Potential Scan or Infection","December 18th 2018, 10:44:03.952",1
"192.168.224.100","192.168.193.255","ET SCAN Behavioral Unusual Port 445 traffic Potential Scan or Infection","December 18th 2018, 11:14:05.616",1
"192.168.224.100","192.168.193.26","ET SCAN Behavioral Unusual Port 445 traffic Potential Scan or Infection","December 18th 2018, 10:34:59.445",1
"192.168.224.100","192.168.193.26","ET SCAN Behavioral Unusual Port 445 traffic Potential Scan or Infection","December 18th 2018, 10:49:58.266",1
"192.168.224.100","192.168.193.3","ET SCAN Behavioral Unusual Port 445 traffic Potential Scan or Infection","December 18th 2018, 11:27:40.605",1
"192.168.224.100","192.168.193.3","ET SCAN Behavioral Unusual Port 445 traffic Potential Scan or Infection","December 18th 2018, 11:49:07.511",1
"192.168.224.100","192.168.193.63","ET SCAN Behavioral Unusual Port 445 traffic Potential Scan or Infection","December 18th 2018, 10:42:59.892",1
"192.168.224.100","192.168.193.63","ET SCAN Behavioral Unusual Port 445 traffic Potential Scan or Infection","December 18th 2018, 11:08:03.289",1
"192.168.224.100","192.168.193.64","ET SCAN Behavioral Unusual Port 445 traffic Potential Scan or Infection","December 18th 2018, 10:07:57.966",1
"192.168.224.100","192.168.193.64","ET SCAN Behavioral Unusual Port 445 traffic Potential Scan or Infection","December 18th 2018, 10:53:00.425",1
"192.168.224.100","192.168.193.65","ET SCAN Behavioral Unusual Port 445 traffic Potential Scan or Infection","December 18th 2018, 10:37:59.610",1
"192.168.224.100","192.168.193.65","ET SCAN Behavioral Unusual Port 445 traffic Potential Scan or Infection","December 18th 2018, 11:28:04.370",1
"192.168.224.100","192.168.193.67","ET SCAN Behavioral Unusual Port 445 traffic Potential Scan or Infection","December 18th 2018, 10:22:58.778",1
"192.168.224.100","192.168.193.67","ET SCAN Behavioral Unusual Port 445 traffic Potential Scan or Infection","December 18th 2018, 10:58:00.713",1
"192.168.224.100","192.168.192.10","ET SCAN Behavioral Unusual Port 445 traffic Potential Scan or Infection","December 18th 2018, 11:03:57.480",1
"192.168.224.100","192.168.192.104","ET SCAN Behavioral Unusual Port 445 traffic Potential Scan or Infection","December 18th 2018, 11:38:25.239",1
"192.168.224.100","192.168.192.11","ET SCAN Behavioral Unusual Port 445 traffic Potential Scan or Infection","December 18th 2018, 10:03:55.732",1
"192.168.224.100","192.168.192.14","ET SCAN Behavioral Unusual Port 445 traffic Potential Scan or Infection","December 18th 2018, 10:51:58.369",1
"192.168.224.100","192.168.192.140","ET SCAN Behavioral Unusual Port 445 traffic Potential Scan or Infection","December 18th 2018, 11:34:14.991",1
"192.168.224.100","192.168.192.15","ET SCAN Behavioral Unusual Port 445 traffic Potential Scan or Infection","December 18th 2018, 10:36:55.556",1
"192.168.224.100","192.168.192.150","ET SCAN Behavioral Unusual Port 445 traffic Potential Scan or Infection","December 18th 2018, 11:57:20.247",1
"192.168.224.100","192.168.192.155","ET SCAN Behavioral Unusual Port 445 traffic Potential Scan or Infection","December 18th 2018, 11:12:15.767",1
"192.168.224.100","192.168.192.157","ET SCAN Behavioral Unusual Port 445 traffic Potential Scan or Infection","December 18th 2018, 10:07:12.266",1
"192.168.224.100","192.168.192.17","ET SCAN Behavioral Unusual Port 445 traffic Potential Scan or Infection","December 18th 2018, 11:22:00.360",1
"192.168.224.100","192.168.192.18","ET SCAN Behavioral Unusual Port 445 traffic Potential Scan or Infection","December 18th 2018, 10:26:55.200",1
"192.168.224.100","192.168.192.192","ET SCAN Behavioral Unusual Port 445 traffic Potential Scan or Infection","December 18th 2018, 10:52:16.709",1
"192.168.224.100","192.168.192.214","ET SCAN Behavioral Unusual Port 445 traffic Potential Scan or Infection","December 18th 2018, 11:51:11.613",1
"192.168.224.100","192.168.192.248","ET SCAN Behavioral Unusual Port 445 traffic Potential Scan or Infection","December 18th 2018, 11:54:13.773",1
"192.168.224.100","192.168.192.253","ET SCAN Behavioral Unusual Port 445 traffic Potential Scan or Infection","December 18th 2018, 11:39:08.989",1
"192.168.224.100","192.168.192.3","ET SCAN Behavioral Unusual Port 445 traffic Potential Scan or Infection","December 18th 2018, 11:18:55.876",1
"192.168.224.100","192.168.192.67","ET SCAN Behavioral Unusual Port 445 traffic Potential Scan or Infection","December 18th 2018, 10:06:55.905",1
"192.168.224.100","192.168.192.79","ET SCAN Behavioral Unusual Port 445 traffic Potential Scan or Infection","December 18th 2018, 10:21:56.724",1
"192.168.224.100","192.168.192.8","ET SCAN Behavioral Unusual Port 445 traffic Potential Scan or Infection","December 18th 2018, 10:33:55.381",1
"192.168.224.100","192.168.193.1","ET SCAN Behavioral Unusual Port 445 traffic Potential Scan or Infection","December 18th 2018, 10:57:39.100",1
"192.168.224.100","192.168.193.16","ET SCAN Behavioral Unusual Port 445 traffic Potential Scan or Infection","December 18th 2018, 11:42:01.143",1
"192.168.224.100","192.168.193.18","ET SCAN Behavioral Unusual Port 445 traffic Potential Scan or Infection","December 18th 2018, 11:34:58.751",1
"192.168.224.100","192.168.193.196","ET SCAN Behavioral Unusual Port 445 traffic Potential Scan or Infection","December 18th 2018, 11:50:07.563",1
"192.168.224.100","192.168.193.214","ET SCAN Behavioral Unusual Port 445 traffic Potential Scan or Infection","December 18th 2018, 11:35:58.806",1
"192.168.224.100","192.168.193.216","ET SCAN Behavioral Unusual Port 445 traffic Potential Scan or Infection","December 18th 2018, 10:35:57.496",1
"192.168.224.100","192.168.193.217","ET SCAN Behavioral Unusual Port 445 traffic Potential Scan or Infection","December 18th 2018, 10:05:57.846",1
"192.168.224.100","192.168.193.219","ET SCAN Behavioral Unusual Port 445 traffic Potential Scan or Infection","December 18th 2018, 10:50:58.313",1
"192.168.224.100","192.168.193.22","ET SCAN Behavioral Unusual Port 445 traffic Potential Scan or Infection","December 18th 2018, 11:52:05.661",1
"192.168.224.100","192.168.193.220","ET SCAN Behavioral Unusual Port 445 traffic Potential Scan or Infection","December 18th 2018, 11:20:59.983",1
"192.168.224.100","192.168.193.224","ET SCAN Behavioral Unusual Port 445 traffic Potential Scan or Infection","December 18th 2018, 11:53:05.716",1
"192.168.224.100","192.168.193.225","ET SCAN Behavioral Unusual Port 445 traffic Potential Scan or Infection","December 18th 2018, 10:21:00.675",1
"192.168.224.100","192.168.193.226","ET SCAN Behavioral Unusual Port 445 traffic Potential Scan or Infection","December 18th 2018, 11:38:04.928",1
"192.168.224.100","192.168.193.250","ET SCAN Behavioral Unusual Port 445 traffic Potential Scan or Infection","December 18th 2018, 11:24:06.152",1
"192.168.224.100","192.168.193.251","ET SCAN Behavioral Unusual Port 445 traffic Potential Scan or Infection","December 18th 2018, 11:09:05.345",1
"192.168.224.100","192.168.193.252","ET SCAN Behavioral Unusual Port 445 traffic Potential Scan or Infection","December 18th 2018, 10:54:08.488",1
"192.168.224.100","192.168.193.253","ET SCAN Behavioral Unusual Port 445 traffic Potential Scan or Infection","December 18th 2018, 11:29:16.430",1
"192.168.224.100","192.168.193.27","ET SCAN Behavioral Unusual Port 445 traffic Potential Scan or Infection","December 18th 2018, 10:19:58.630",1
"192.168.224.100","192.168.193.61","ET SCAN Behavioral Unusual Port 445 traffic Potential Scan or Infection","December 18th 2018, 11:58:07.983",1
"192.168.224.100","192.168.193.62","ET SCAN Behavioral Unusual Port 445 traffic Potential Scan or Infection","December 18th 2018, 11:23:04.930",1
"192.168.12.44","192.168.12.18","ET EXPLOIT [PTsecurity] DoublePulsar Backdoor installation communication","December 18th 2018, 10:08:50.876",2
"192.168.12.44","192.168.12.18","ET EXPLOIT [PTsecurity] DoublePulsar Backdoor installation communication","December 18th 2018, 10:23:51.684",2
"192.168.12.44","192.168.12.18","ET EXPLOIT [PTsecurity] DoublePulsar Backdoor installation communication","December 18th 2018, 10:38:50.498",2
"192.168.12.44","192.168.12.18","ET EXPLOIT [PTsecurity] DoublePulsar Backdoor installation communication","December 18th 2018, 10:53:51.301",2
"192.168.12.44","192.168.12.18","ET EXPLOIT [PTsecurity] DoublePulsar Backdoor installation communication","December 18th 2018, 10:54:01.312",2
"192.168.12.44","192.168.12.47","ET EXPLOIT [PTsecurity] DoublePulsar Backdoor installation communication","December 18th 2018, 10:09:40.918",2
"192.168.12.44","192.168.12.47","ET EXPLOIT [PTsecurity] DoublePulsar Backdoor installation communication","December 18th 2018, 10:24:41.728",2
"192.168.12.44","192.168.12.47","ET EXPLOIT [PTsecurity] DoublePulsar Backdoor installation communication","December 18th 2018, 10:39:50.556",2
"192.168.12.44","192.168.12.47","ET EXPLOIT [PTsecurity] DoublePulsar Backdoor installation communication","December 18th 2018, 11:10:02.170",2
"192.168.12.44","192.168.12.47","ET EXPLOIT [PTsecurity] DoublePulsar Backdoor installation communication","December 18th 2018, 11:24:52.995",2
"192.168.12.44","192.168.12.47","ET SCAN Behavioral Unusual Port 445 traffic Potential Scan or Infection","December 18th 2018, 11:24:00.944",1
"192.168.12.44","192.168.12.38","ET EXPLOIT [PTsecurity] DoublePulsar Backdoor installation communication","December 18th 2018, 10:09:20.902",2
"192.168.12.44","192.168.12.38","ET EXPLOIT [PTsecurity] DoublePulsar Backdoor installation communication","December 18th 2018, 10:24:21.712",2
"192.168.12.44","192.168.12.38","ET EXPLOIT [PTsecurity] DoublePulsar Backdoor installation communication","December 18th 2018, 10:39:20.526",2
"192.168.12.44","192.168.12.38","ET EXPLOIT [PTsecurity] DoublePulsar Backdoor installation communication","December 18th 2018, 10:54:43.351",2
"192.168.12.44","192.168.12.38","ET EXPLOIT [PTsecurity] DoublePulsar Backdoor installation communication","December 18th 2018, 11:09:32.139",2
"192.168.12.44","192.168.12.35","ET SCAN Behavioral Unusual Port 445 traffic Potential Scan or Infection","December 18th 2018, 10:08:50.876",1
"192.168.12.44","192.168.12.35","ET SCAN Behavioral Unusual Port 445 traffic Potential Scan or Infection","December 18th 2018, 10:38:50.498",1
"192.168.12.44","192.168.12.35","ET SCAN Behavioral Unusual Port 445 traffic Potential Scan or Infection","December 18th 2018, 11:39:01.749",1
"192.168.12.44","192.168.12.35","ET SCAN Behavioral Unusual Port 445 traffic Potential Scan or Infection","December 18th 2018, 11:54:00.576",1
"192.168.12.44","192.168.12.46","ET SCAN Behavioral Unusual Port 445 traffic Potential Scan or Infection","December 18th 2018, 10:23:49.682",1
"192.168.12.44","192.168.12.46","ET SCAN Behavioral Unusual Port 445 traffic Potential Scan or Infection","December 18th 2018, 10:53:49.299",1
"192.168.12.44","192.168.12.46","ET SCAN Behavioral Unusual Port 445 traffic Potential Scan or Infection","December 18th 2018, 11:09:02.110",1
"192.168.197.58","192.168.210.85","ET SCAN Behavioral Unusual Port 445 traffic Potential Scan or Infection","December 18th 2018, 10:07:04.261",1
"192.168.197.58","192.168.210.85","ET SCAN Behavioral Unusual Port 445 traffic Potential Scan or Infection","December 18th 2018, 11:19:20.167",1
"192.168.197.58","192.168.195.109","ET SCAN Behavioral Unusual Port 445 traffic Potential Scan or Infection","December 18th 2018, 11:50:01.862",1
"192.168.197.58","192.168.195.117","ET SCAN Behavioral Unusual Port 445 traffic Potential Scan or Infection","December 18th 2018, 10:53:10.761",1
"192.168.197.58","192.168.195.141","ET SCAN Behavioral Unusual Port 445 traffic Potential Scan or Infection","December 18th 2018, 11:51:03.918",1
"192.168.197.58","192.168.195.143","ET SCAN Behavioral Unusual Port 445 traffic Potential Scan or Infection","December 18th 2018, 10:53:56.799",1
"192.168.197.58","192.168.195.167","ET SCAN Behavioral Unusual Port 445 traffic Potential Scan or Infection","December 18th 2018, 11:52:07.980",1
"192.168.197.58","192.168.195.17","ET SCAN Behavioral Unusual Port 445 traffic Potential Scan or Infection","December 18th 2018, 11:46:57.685",1
"192.168.197.58","192.168.195.195","ET SCAN Behavioral Unusual Port 445 traffic Potential Scan or Infection","December 18th 2018, 11:53:12.230",1
"192.168.197.58","192.168.195.199","ET SCAN Behavioral Unusual Port 445 traffic Potential Scan or Infection","December 18th 2018, 11:04:51.397",1
"192.168.197.58","192.168.195.221","ET SCAN Behavioral Unusual Port 445 traffic Potential Scan or Infection","December 18th 2018, 11:05:53.450",1
"192.168.197.58","192.168.195.226","ET SCAN Behavioral Unusual Port 445 traffic Potential Scan or Infection","December 18th 2018, 11:54:16.730",1
"192.168.197.58","192.168.195.253","ET SCAN Behavioral Unusual Port 445 traffic Potential Scan or Infection","December 18th 2018, 10:04:00.770",1
"192.168.197.58","192.168.195.35","ET SCAN Behavioral Unusual Port 445 traffic Potential Scan or Infection","December 18th 2018, 10:50:06.595",1
"192.168.197.58","192.168.195.45","ET SCAN Behavioral Unusual Port 445 traffic Potential Scan or Infection","December 18th 2018, 11:47:41.729",1
"192.168.197.58","192.168.195.59","ET SCAN Behavioral Unusual Port 445 traffic Potential Scan or Infection","December 18th 2018, 10:50:50.636",1
"192.168.197.58","192.168.195.8","ET SCAN Behavioral Unusual Port 445 traffic Potential Scan or Infection","December 18th 2018, 10:49:06.541",1
"192.168.197.58","192.168.195.83","ET SCAN Behavioral Unusual Port 445 traffic Potential Scan or Infection","December 18th 2018, 11:48:57.805",1
"192.168.197.58","192.168.195.94","ET SCAN Behavioral Unusual Port 445 traffic Potential Scan or Infection","December 18th 2018, 10:52:06.701",1
"192.168.197.58","192.168.207.103","ET SCAN Behavioral Unusual Port 445 traffic Potential Scan or Infection","December 18th 2018, 10:34:17.733",1
"192.168.197.58","192.168.207.127","ET SCAN Behavioral Unusual Port 445 traffic Potential Scan or Infection","December 18th 2018, 10:35:15.781",1
"192.168.197.58","192.168.207.157","ET SCAN Behavioral Unusual Port 445 traffic Potential Scan or Infection","December 18th 2018, 10:36:19.845",1
"192.168.197.58","192.168.207.202","ET SCAN Behavioral Unusual Port 445 traffic Potential Scan or Infection","December 18th 2018, 10:38:11.939",1
"192.168.197.58","192.168.207.236","ET SCAN Behavioral Unusual Port 445 traffic Potential Scan or Infection","December 18th 2018, 10:39:11.991",1
"192.168.197.58","192.168.207.25","ET SCAN Behavioral Unusual Port 445 traffic Potential Scan or Infection","December 18th 2018, 11:35:27.550",1
"192.168.197.58","192.168.207.36","ET SCAN Behavioral Unusual Port 445 traffic Potential Scan or Infection","December 18th 2018, 10:22:57.105",1
"192.168.197.58","192.168.207.4","ET SCAN Behavioral Unusual Port 445 traffic Potential Scan or Infection","December 18th 2018, 10:21:53.440",1
"192.168.197.58","192.168.207.49","ET SCAN Behavioral Unusual Port 445 traffic Potential Scan or Infection","December 18th 2018, 11:36:21.103",1
"192.168.197.58","192.168.207.62","ET SCAN Behavioral Unusual Port 445 traffic Potential Scan or Infection","December 18th 2018, 10:23:59.161",1
"192.168.197.58","192.168.207.77","ET SCAN Behavioral Unusual Port 445 traffic Potential Scan or Infection","December 18th 2018, 11:37:23.183",1
"192.168.197.58","192.168.210.1","ET SCAN Behavioral Unusual Port 445 traffic Potential Scan or Infection","December 18th 2018, 11:06:59.510",1
"192.168.197.58","192.168.210.113","ET SCAN Behavioral Unusual Port 445 traffic Potential Scan or Infection","December 18th 2018, 10:08:06.317",1
"192.168.197.58","192.168.210.118","ET SCAN Behavioral Unusual Port 445 traffic Potential Scan or Infection","December 18th 2018, 11:20:18.219",1
"192.168.197.58","192.168.210.145","ET SCAN Behavioral Unusual Port 445 traffic Potential Scan or Infection","December 18th 2018, 11:21:22.279",1
"192.168.197.58","192.168.210.149","ET SCAN Behavioral Unusual Port 445 traffic Potential Scan or Infection","December 18th 2018, 10:09:08.377",1
"192.168.197.58","192.168.210.170","ET SCAN Behavioral Unusual Port 445 traffic Potential Scan or Infection","December 18th 2018, 11:22:26.332",1
"192.168.197.58","192.168.210.196","ET SCAN Behavioral Unusual Port 445 traffic Potential Scan or Infection","December 18th 2018, 11:23:26.379",1
"192.168.197.58","192.168.210.207","ET SCAN Behavioral Unusual Port 445 traffic Potential Scan or Infection","December 18th 2018, 10:19:44.928",1
"192.168.197.58","192.168.210.223","ET SCAN Behavioral Unusual Port 445 traffic Potential Scan or Infection","December 18th 2018, 11:24:28.444",1
"192.168.197.58","192.168.210.236","ET SCAN Behavioral Unusual Port 445 traffic Potential Scan or Infection","December 18th 2018, 10:20:46.982",1
"192.168.197.58","192.168.210.254","ET SCAN Behavioral Unusual Port 445 traffic Potential Scan or Infection","December 18th 2018, 11:34:22.999",1
"192.168.197.58","192.168.210.26","ET SCAN Behavioral Unusual Port 445 traffic Potential Scan or Infection","December 18th 2018, 11:07:57.559",1
"192.168.197.58","192.168.210.31","ET SCAN Behavioral Unusual Port 445 traffic Potential Scan or Infection","December 18th 2018, 10:04:58.129",1
"192.168.197.58","192.168.210.52","ET SCAN Behavioral Unusual Port 445 traffic Potential Scan or Infection","December 18th 2018, 11:09:09.616",1
"192.168.197.58","192.168.210.58","ET SCAN Behavioral Unusual Port 445 traffic Potential Scan or Infection","December 18th 2018, 10:06:00.182",1
"192.168.212.217","192.168.211.27","ET SCAN Behavioral Unusual Port 445 traffic Potential Scan or Infection","December 18th 2018, 10:11:53.930",1
"192.168.212.217","192.168.211.27","ET SCAN Behavioral Unusual Port 445 traffic Potential Scan or Infection","December 18th 2018, 10:26:54.291",1
"192.168.212.217","192.168.212.58","ET SCAN Behavioral Unusual Port 445 traffic Potential Scan or Infection","December 18th 2018, 10:58:00.700",1
"192.168.212.217","192.168.212.58","ET SCAN Behavioral Unusual Port 445 traffic Potential Scan or Infection","December 18th 2018, 11:58:13.299",1
"192.168.212.217","192.168.207.205","ET SCAN Behavioral Unusual Port 445 traffic Potential Scan or Infection","December 18th 2018, 10:30:04.529",1
"192.168.212.217","192.168.207.23","ET SCAN Behavioral Unusual Port 445 traffic Potential Scan or Infection","December 18th 2018, 10:21:19.843",1
"192.168.212.217","192.168.207.26","ET SCAN Behavioral Unusual Port 445 traffic Potential Scan or Infection","December 18th 2018, 10:29:08.460",1
"192.168.212.217","192.168.207.51","ET SCAN Behavioral Unusual Port 445 traffic Potential Scan or Infection","December 18th 2018, 11:35:57.643",1
"192.168.212.217","192.168.207.52","ET SCAN Behavioral Unusual Port 445 traffic Potential Scan or Infection","December 18th 2018, 10:35:56.963",1
"192.168.212.217","192.168.211.23","ET SCAN Behavioral Unusual Port 445 traffic Potential Scan or Infection","December 18th 2018, 11:11:53.776",1
"192.168.212.217","192.168.211.234","ET SCAN Behavioral Unusual Port 445 traffic Potential Scan or Infection","December 18th 2018, 11:42:58.170",1
"192.168.212.217","192.168.211.239","ET SCAN Behavioral Unusual Port 445 traffic Potential Scan or Infection","December 18th 2018, 10:43:03.547",1
"192.168.212.217","192.168.211.24","ET SCAN Behavioral Unusual Port 445 traffic Potential Scan or Infection","December 18th 2018, 11:57:05.223",1
"192.168.212.217","192.168.211.240","ET SCAN Behavioral Unusual Port 445 traffic Potential Scan or Infection","December 18th 2018, 11:13:03.888",1
"192.168.212.217","192.168.211.241","ET SCAN Behavioral Unusual Port 445 traffic Potential Scan or Infection","December 18th 2018, 11:28:03.290",1
"192.168.212.217","192.168.211.243","ET SCAN Behavioral Unusual Port 445 traffic Potential Scan or Infection","December 18th 2018, 10:13:03.206",1
"192.168.212.217","192.168.211.26","ET SCAN Behavioral Unusual Port 445 traffic Potential Scan or Infection","December 18th 2018, 10:41:53.440",1
"192.168.212.217","192.168.211.31","ET SCAN Behavioral Unusual Port 445 traffic Potential Scan or Infection","December 18th 2018, 11:26:54.948",1
"192.168.212.217","192.168.211.32","ET SCAN Behavioral Unusual Port 445 traffic Potential Scan or Infection","December 18th 2018, 10:56:54.616",1
"192.168.212.217","192.168.211.40","ET SCAN Behavioral Unusual Port 445 traffic Potential Scan or Infection","December 18th 2018, 11:42:04.110",1
"192.168.212.217","192.168.212.50","ET SCAN Behavioral Unusual Port 445 traffic Potential Scan or Infection","December 18th 2018, 10:28:00.377",1
"192.168.204.202","192.168.204.51","ET EXPLOIT [PTsecurity] DoublePulsar Backdoor installation communication","December 18th 2018, 10:04:35.768",2
"192.168.204.202","192.168.204.51","ET EXPLOIT [PTsecurity] DoublePulsar Backdoor installation communication","December 18th 2018, 10:19:34.609",2
"192.168.204.202","192.168.204.51","ET EXPLOIT [PTsecurity] DoublePulsar Backdoor installation communication","December 18th 2018, 10:34:35.420",2
"192.168.204.202","192.168.204.51","ET EXPLOIT [PTsecurity] DoublePulsar Backdoor installation communication","December 18th 2018, 10:49:34.244",2
"192.168.204.202","192.168.204.51","ET EXPLOIT [PTsecurity] DoublePulsar Backdoor installation communication","December 18th 2018, 11:19:35.910",2
"192.168.204.202","192.168.204.134","ET SCAN Behavioral Unusual Port 445 traffic Potential Scan or Infection","December 18th 2018, 11:34:36.731",1
"192.168.204.202","192.168.204.145","ET SCAN Behavioral Unusual Port 445 traffic Potential Scan or Infection","December 18th 2018, 11:04:27.730",1
"10.10.9.28","10.10.9.16","ET EXPLOIT [PTsecurity] DoublePulsar Backdoor installation communication","December 18th 2018, 10:10:40.974",2
"10.10.9.28","10.10.9.16","ET EXPLOIT [PTsecurity] DoublePulsar Backdoor installation communication","December 18th 2018, 10:40:42.598",2
"10.10.9.28","10.10.9.16","ET EXPLOIT [PTsecurity] DoublePulsar Backdoor installation communication","December 18th 2018, 10:55:41.402",2
"10.10.9.28","10.10.9.16","ET EXPLOIT [PTsecurity] DoublePulsar Backdoor installation communication","December 18th 2018, 11:10:42.208",2
"10.10.9.28","10.10.9.16","ET EXPLOIT [PTsecurity] DoublePulsar Backdoor installation communication","December 18th 2018, 11:25:41.390",2
"192.168.12.28","192.168.12.39","ET SCAN Behavioral Unusual Port 445 traffic Potential Scan or Infection","December 18th 2018, 10:43:30.733",1
"192.168.12.28","192.168.12.39","ET SCAN Behavioral Unusual Port 445 traffic Potential Scan or Infection","December 18th 2018, 10:58:31.563",1
"192.168.12.28","192.168.12.39","ET SCAN Behavioral Unusual Port 445 traffic Potential Scan or Infection","December 18th 2018, 11:13:30.367",1
"192.168.12.28","192.168.12.39","ET SCAN Behavioral Unusual Port 445 traffic Potential Scan or Infection","December 18th 2018, 11:28:31.196",1
"192.168.12.28","192.168.12.35","ET SCAN Behavioral Unusual Port 445 traffic Potential Scan or Infection","December 18th 2018, 10:13:31.120",1
"192.168.12.28","192.168.12.35","ET SCAN Behavioral Unusual Port 445 traffic Potential Scan or Infection","December 18th 2018, 10:28:31.939",1
"192.168.12.28","192.168.12.22","ET SCAN Behavioral Unusual Port 445 traffic Potential Scan or Infection","December 18th 2018, 10:57:17.496",1
"192.168.12.28","192.168.12.44","ET SCAN Behavioral Unusual Port 445 traffic Potential Scan or Infection","December 18th 2018, 11:58:40.833",1
"192.168.207.213","192.168.207.102","ET SCAN Behavioral Unusual Port 445 traffic Potential Scan or Infection","December 18th 2018, 10:18:11.578",1
"192.168.207.213","192.168.207.102","ET SCAN Behavioral Unusual Port 445 traffic Potential Scan or Infection","December 18th 2018, 10:33:10.769",1
"192.168.207.213","192.168.207.102","ET SCAN Behavioral Unusual Port 445 traffic Potential Scan or Infection","December 18th 2018, 11:48:22.537",1
"192.168.207.213","192.168.207.107","ET SCAN Behavioral Unusual Port 445 traffic Potential Scan or Infection","December 18th 2018, 11:18:12.252",1
"192.168.207.213","192.168.207.108","ET SCAN Behavioral Unusual Port 445 traffic Potential Scan or Infection","December 18th 2018, 10:03:12.432",1
"192.168.207.213","192.168.207.71","ET SCAN Behavioral Unusual Port 445 traffic Potential Scan or Infection","December 18th 2018, 11:03:13.113",1
"192.168.207.213","192.168.207.91","ET SCAN Behavioral Unusual Port 445 traffic Potential Scan or Infection","December 18th 2018, 10:48:11.915",1
"192.168.207.213","192.168.207.92","ET SCAN Behavioral Unusual Port 445 traffic Potential Scan or Infection","December 18th 2018, 11:33:11.436",1
"192.168.211.207","192.168.211.53","ET SCAN Behavioral Unusual Port 445 traffic Potential Scan or Infection","December 18th 2018, 10:41:53.439",1
"192.168.211.207","192.168.211.53","ET SCAN Behavioral Unusual Port 445 traffic Potential Scan or Infection","December 18th 2018, 11:57:05.219",1
"192.168.211.207","192.168.211.50","ET SCAN Behavioral Unusual Port 445 traffic Potential Scan or Infection","December 18th 2018, 11:42:04.110",1
"192.168.211.207","192.168.211.51","ET SCAN Behavioral Unusual Port 445 traffic Potential Scan or Infection","December 18th 2018, 11:26:52.946",1
"192.168.211.207","192.168.211.55","ET SCAN Behavioral Unusual Port 445 traffic Potential Scan or Infection","December 18th 2018, 10:11:53.910",1
"192.168.211.207","192.168.211.56","ET SCAN Behavioral Unusual Port 445 traffic Potential Scan or Infection","December 18th 2018, 10:56:52.615",1
"192.168.211.207","192.168.211.58","ET SCAN Behavioral Unusual Port 445 traffic Potential Scan or Infection","December 18th 2018, 11:11:51.773",1
"192.168.211.207","192.168.211.65","ET SCAN Behavioral Unusual Port 445 traffic Potential Scan or Infection","December 18th 2018, 10:26:52.290",1
"192.168.5.162","192.168.16.43","ET SCAN Behavioral Unusual Port 445 traffic Potential Scan or Infection","December 18th 2018, 11:18:01.119",1